metric,mean,std
reg_mae,1.1866660859123492,0.1125550135824978
reg_rmse,1.968586979179097,0.3724462898079129
reg_r2,0.17556385807097516,0.25730416720642585
clf_accuracy,0.7802407805227354,0.019861526109456733
clf_precision,0.7279318837340123,0.08886929327941281
clf_recall,0.6082565076492294,0.03850694310880643
clf_f1,0.6597407298344631,0.03927893179556376
clf_roc_auc,0.8211004007403918,0.013780118242814436
clf_average_precision,0.7387087956596723,0.07254628226305551
