fold,reg_mae,reg_rmse,reg_r2,clf_accuracy,clf_precision,clf_recall,clf_f1,clf_roc_auc,clf_average_precision
1,1.1592222664347245,1.787220465800848,0.12039001299172103,0.7432867883995704,0.6545454545454545,0.5555555555555556,0.6010016694490818,0.800984400105762,0.6793745073133355
2,0.980214794492099,1.3950044266095076,0.2827797890720406,0.8023630504833512,0.6652542372881356,0.5992366412213741,0.6305220883534136,0.8232579102910805,0.6565346748108715
3,1.293830041904833,2.0010579738699534,0.26006050228877475,0.7830290010741139,0.7,0.6383647798742138,0.6677631578947368,0.8131418839196856,0.7120999968737977
4,1.2650873961666338,2.1432130598026475,-0.280021055337371,0.7819548872180451,0.7206349206349206,0.6637426900584795,0.6910197869101978,0.8256634795818069,0.7982526545197237
5,1.2349759305634556,2.5164389698125293,0.4946100413397104,0.7905701754385965,0.8992248062015504,0.5843828715365239,0.7083969465648855,0.8424543298036242,0.8472821447806337
