model,target,mae,rmse,r2,accuracy,precision,recall,f1,roc_auc,average_precision
random_forest_regressor,ddg_regression,1.276137104378829,1.7693191093092555,0.2919564258332765,,,,,,
hist_gradient_boosting_regressor,ddg_regression,1.284059399028421,1.732634326915085,0.32101297024727005,,,,,,
random_forest_classifier,destabilizing_classification,,,,0.7379162191192267,0.8117154811715481,0.49363867684478374,0.6139240506329114,0.75639679521742,0.7371478628357269
hist_gradient_boosting_classifier,destabilizing_classification,,,,0.7089151450053706,0.7293233082706767,0.49363867684478374,0.5887708649468892,0.7439153589299735,0.718021710859573
